Workbook

Sheet Anleitung
A1: Mietpilot — Operator-CRM
A3: Zweck | B3: Getrennte CRMs für B2C (private Eigentümer:innen) und B2B (Verwaltungen/Makler/Treuhänder), Pilot-Tracking und ein auf Formeln basierendes Dashboard, das sich automatisch aktualisiert, sobald Zeilen in den CRM-Blättern gefüllt werden.
A5: Wie einzutragen | B5: Gelb hinterlegte Zeile 2 in jedem CRM-Blatt ist ein BEISPIEL zur Orientierung — nicht löschen, sondern als Vorlage für Zeile 3 ff. verwenden oder überschreiben.
A7: Feste Wertelisten (für konsistente Auswertung)
A8: Interview-Status | B8: geplant / kontaktiert / Termin vereinbart / geführt / kein Interesse
A9: Pain-Kategorie | B9: Screening/Zeitaufwand / Terminkoordination / Vertrauen-Auswahl / Kosten / Sonstiges / unbekannt
A10: KI-Vertrauen | B10: offen / bedingt / ablehnend / unbekannt
A11: Preisreaktion | B11: positiv / neutral / negativ / unbekannt
A12: Pilotinteresse | B12: ja / vielleicht / nein / unbekannt
A13: Lead-Status | B13: HOT / WARM / COLD / INVALID — Regeln: docs/operator/lead-qualifizierung.md
A14: Pilot-Status | B14: geplant / läuft / abgeschlossen erfolgreich / abgeschlossen erfolglos / abgebrochen
A16: Blätter | B16: CRM B2C · CRM B2B · Piloten · Dashboard B2C · Dashboard B2B
A17: Zugehörige Dokumente | B17: docs/operator/hypothesen.md, interviewleitfaden-b2b.md, outreach-b2b.md, lead-qualifizierung.md; docs/validierung-mietpilot.md (B2C-Leitfaden)

Sheet Dashboard B2C
A1: Mietpilot — Dashboard B2C
A2: Aktualisiert sich automatisch aus 'CRM B2C' (Zeilen ab 3 — Zeile 2 ist das Beispiel und zählt nicht mit).
A4: Trichter (absolute Zahlen)
A5: Kontaktiert (gesamt) | B5: =COUNTIF('CRM B2C'!F3:F500,"<>") -> 0
A6: Interviews geführt | B6: =COUNTIF('CRM B2C'!F3:F500,"geführt") -> 0
A7: davon mit relevantem Pain (Kategorie erkannt) | B7: =COUNTIFS('CRM B2C'!F3:F500,"geführt",'CRM B2C'!M3:M500,"<>unbekannt",'CRM B2C'!M3:M500,"<>") -> 0
A8: davon KI-Vertrauen offen/bedingt | B8: =COUNTIFS('CRM B2C'!F3:F500,"geführt",'CRM B2C'!O3:O500,"offen")+COUNTIFS('CRM B2C'!F3:F500,"geführt",'CRM B2C'!O3:O500,"bedingt") -> 0
A9: davon Preisreaktion positiv | B9: =COUNTIFS('CRM B2C'!F3:F500,"geführt",'CRM B2C'!P3:P500,"positiv") -> 0
A10: davon Pilotinteresse = ja | B10: =COUNTIFS('CRM B2C'!F3:F500,"geführt",'CRM B2C'!R3:R500,"ja") -> 0
A11: Lead-Status HOT | B11: =COUNTIF('CRM B2C'!S3:S500,"HOT") -> 0
A13: Quoten (in % der geführten Interviews)
A14: % mit relevantem Pain | B14: =IFERROR(B7/B6,"-") -> -
A15: % mit Interesse (KI-Vertrauen offen/bedingt) | B15: =IFERROR(B8/B6,"-") -> -
A16: % mit konkreter Kaufabsicht (Preisreaktion positiv) | B16: =IFERROR(B9/B6,"-") -> -
A17: % mit Pilotbereitschaft | B17: =IFERROR(B10/B6,"-") -> -
A19: Preis & Zeitaufwand
A20: Ø genannter Preis (CHF, wo angegeben) | B20: =IFERROR(AVERAGEIFS('CRM B2C'!Q3:Q500,'CRM B2C'!F3:F500,"geführt",'CRM B2C'!Q3:Q500,">0"),"-") -> -
A21: Ø Zeitaufwand heutiger Prozess (Std.) | B21: =IFERROR(AVERAGEIFS('CRM B2C'!K3:K500,'CRM B2C'!F3:F500,"geführt",'CRM B2C'!K3:K500,">0"),"-") -> -
A23: Häufigste Pain-Kategorien (geführte Interviews)
A24: Screening/Zeitaufwand | B24: =COUNTIFS('CRM B2C'!F3:F500,"geführt",'CRM B2C'!M3:M500,"Screening/Zeitaufwand") -> 0
A25: Terminkoordination | B25: =COUNTIFS('CRM B2C'!F3:F500,"geführt",'CRM B2C'!M3:M500,"Terminkoordination") -> 0
A26: Vertrauen-Auswahl | B26: =COUNTIFS('CRM B2C'!F3:F500,"geführt",'CRM B2C'!M3:M500,"Vertrauen-Auswahl") -> 0
A27: Kosten | B27: =COUNTIFS('CRM B2C'!F3:F500,"geführt",'CRM B2C'!M3:M500,"Kosten") -> 0
A28: Sonstiges | B28: =COUNTIFS('CRM B2C'!F3:F500,"geführt",'CRM B2C'!M3:M500,"Sonstiges") -> 0
A30: Lead-Status-Verteilung
A31: HOT | B31: =COUNTIF('CRM B2C'!S3:S500,"HOT") -> 0
A32: WARM | B32: =COUNTIF('CRM B2C'!S3:S500,"WARM") -> 0
A33: COLD | B33: =COUNTIF('CRM B2C'!S3:S500,"COLD") -> 0
A34: INVALID | B34: =COUNTIF('CRM B2C'!S3:S500,"INVALID") -> 0

Sheet Dashboard B2B
A1: Mietpilot — Dashboard B2B
A2: Aktualisiert sich automatisch aus 'CRM B2B' (Zeilen ab 3 — Zeile 2 ist das Beispiel und zählt nicht mit).
A4: Trichter (absolute Zahlen)
A5: Kontaktiert (gesamt) | B5: =COUNTIF('CRM B2B'!H3:H500,"<>") -> 0
A6: Gespräche geführt | B6: =COUNTIF('CRM B2B'!H3:H500,"geführt") -> 0
A7: Einheiten unter Verwaltung (Summe, geführte Gespräche) | B7: =SUMIFS('CRM B2B'!I3:I500,'CRM B2B'!H3:H500,"geführt") -> 0
A8: Wiedervermietungen/Jahr (Summe, geführte Gespräche) | B8: =SUMIFS('CRM B2B'!J3:J500,'CRM B2B'!H3:H500,"geführt") -> 0
A9: davon mit genanntem Automatisierungspotenzial | B9: =COUNTIFS('CRM B2B'!H3:H500,"geführt",'CRM B2B'!R3:R500,"<>") -> 0
A10: davon Pilotinteresse = ja | B10: =COUNTIFS('CRM B2B'!H3:H500,"geführt",'CRM B2B'!X3:X500,"ja") -> 0
A11: Lead-Status HOT | B11: =COUNTIF('CRM B2B'!Y3:Y500,"HOT") -> 0
A13: Quoten (in % der geführten Gespräche)
A14: % mit genanntem Automatisierungspotenzial | B14: =IFERROR(B9/B6,"-") -> -
A15: % mit Pilotbereitschaft | B15: =IFERROR(B10/B6,"-") -> -
A17: Geschätzter Aufwand & Wert pro Fall
A18: Ø Zeitaufwand/Fall (Std.) | B18: =IFERROR(AVERAGEIFS('CRM B2B'!N3:N500,'CRM B2B'!H3:H500,"geführt",'CRM B2B'!N3:N500,">0"),"-") -> -
A19: Ø Kosten/Fall (CHF, geschätzt) | B19: =IFERROR(AVERAGEIFS('CRM B2B'!O3:O500,'CRM B2B'!H3:H500,"geführt",'CRM B2B'!O3:O500,">0"),"-") -> -
A20: Ø genannter Preis (CHF, wo angegeben) | B20: =IFERROR(AVERAGEIFS('CRM B2B'!W3:W500,'CRM B2B'!H3:H500,"geführt",'CRM B2B'!W3:W500,">0"),"-") -> -
A22: Häufigste Pain-Kategorien (geführte Gespräche)
A23: Screening/Zeitaufwand | B23: =COUNTIFS('CRM B2B'!H3:H500,"geführt",'CRM B2B'!P3:P500,"Screening/Zeitaufwand") -> 0
A24: Terminkoordination | B24: =COUNTIFS('CRM B2B'!H3:H500,"geführt",'CRM B2B'!P3:P500,"Terminkoordination") -> 0
A25: Vertrauen-Auswahl | B25: =COUNTIFS('CRM B2B'!H3:H500,"geführt",'CRM B2B'!P3:P500,"Vertrauen-Auswahl") -> 0
A26: Kosten | B26: =COUNTIFS('CRM B2B'!H3:H500,"geführt",'CRM B2B'!P3:P500,"Kosten") -> 0
A27: Sonstiges | B27: =COUNTIFS('CRM B2B'!H3:H500,"geführt",'CRM B2B'!P3:P500,"Sonstiges") -> 0
A29: White-Label-Bedarf (geführte Gespräche)
A30: ja | B30: =COUNTIFS('CRM B2B'!H3:H500,"geführt",'CRM B2B'!T3:T500,"ja") -> 0
A31: nein | B31: =COUNTIFS('CRM B2B'!H3:H500,"geführt",'CRM B2B'!T3:T500,"nein") -> 0
A32: unbekannt | B32: =COUNTIFS('CRM B2B'!H3:H500,"geführt",'CRM B2B'!T3:T500,"unbekannt") -> 0
A34: Lead-Status-Verteilung
A35: HOT | B35: =COUNTIF('CRM B2B'!Y3:Y500,"HOT") -> 0
A36: WARM | B36: =COUNTIF('CRM B2B'!Y3:Y500,"WARM") -> 0
A37: COLD | B37: =COUNTIF('CRM B2B'!Y3:Y500,"COLD") -> 0
A38: INVALID | B38: =COUNTIF('CRM B2B'!Y3:Y500,"INVALID") -> 0

Sheet CRM B2C
A1: ID | B1: Name | C1: Kontakt | D1: Quelle | E1: Datum Erstkontakt | F1: Interview-Status | G1: Anzahl Wohnungen | H1: Letzte Vermietung | I1: Vermietungsfrequenz | J1: Heutiger Prozess | K1: Zeitaufwand (Std.) | L1: Kosten heutige Lösung (CHF) | M1: Pain-Kategorie | N1: Pain (Originalaussage) | O1: KI-Vertrauen | P1: Preisreaktion | Q1: Genannter Preis (CHF) | R1: Pilotinteresse | S1: Lead-Status | T1: Wichtigste Originalaussage | U1: Hypothesen bestätigt | V1: Hypothesen widerlegt | W1: Nächster Schritt | X1: Follow-up-Datum
A2: BEISPIEL | B2: M. Muster | C2: muster@email.ch | D2: Homegate-Privatinserat | E2: 2026-09-20 | F2: geführt | G2: 2 | H2: 2024-03-01 | I2: alle 3-4 Jahre | J2: Selbst inseriert, Bewerbungen per E-Mail | K2: 6 | L2: 0 | M2: Screening/Zeitaufwand | N2: "Das Aussortieren der Bewerbungen hat mich fast einen ganzen Abend gekostet." | O2: bedingt | P2: positiv | Q2: 890 | R2: vielleicht | S2: WARM | T2: "Würde ich probieren, wenn ich am Schluss trotzdem selbst entscheide." | U2: H1, H3 | W2: In 4 Wochen nachfassen | X2: 2026-10-20

Sheet CRM B2B
A1: ID | B1: Unternehmen | C1: Ansprechpartner | D1: Kontakt | E1: Segment | F1: Quelle | G1: Datum Erstkontakt | H1: Interview-Status | I1: Anzahl Einheiten | J1: Wiedervermietungen/Jahr | K1: Mitarbeiter | L1: Heutiger Prozess | M1: Systeme | N1: Zeitaufwand/Fall (Std.) | O1: Kosten/Fall (CHF) | P1: Pain-Kategorie | Q1: Pain (Originalaussage) | R1: Automatisierungspotenzial | S1: Integrationsbedarf | T1: White-Label-Bedarf | U1: Genannter wirtschaftlicher Wert | V1: Zahlungsbereitschaft (genannt) | W1: Genannter Preis (CHF) | X1: Pilotinteresse | Y1: Lead-Status | Z1: Wichtigste Originalaussage | AA1: Hypothesen bestätigt | AB1: Hypothesen widerlegt | AC1: Nächster Schritt | AD1: Follow-up-Datum
A2: BEISPIEL | B2: Muster Verwaltung AG | C2: S. Beispiel | D2: s.beispiel@muster-verwaltung.ch | E2: Verwaltung | F2: SVIT-Sektionsverzeichnis | G2: 2026-09-22 | H2: geführt | I2: 340 | J2: 28 | K2: 8 | L2: Screening intern durch Sachbearbeiter:in, Excel-Liste | M2: Abacus, E-Mail | N2: 3 | O2: 240 | P2: Screening/Zeitaufwand | Q2: "Wir verlieren pro Fall locker einen halben Tag mit dem Sichten der Dossiers." | R2: Screening, Ranking, Terminkoordination | S2: Anbindung an Abacus nötig | T2: ja | U2: "Ein bis zwei Stunden pro Fall wären schon viel wert." | V2: CHF 80-120 pro Fall | W2: 100 | X2: vielleicht | Y2: WARM | Z2: "Wenn es sich sauber integrieren lässt, testen wir das gerne an einem Fall." | AA2: H6, H7 | AC2: Technisches Gespräch zur Abacus-Anbindung vereinbaren | AD2: 2026-10-06

Sheet Piloten
A1: ID | B1: Segment (B2C/B2B) | C1: Kunde | D1: Objekt/Adresse | E1: Wohnungsart | F1: Mietzins (CHF) | G1: Geplanter Vermietungsbeginn | H1: Verwendete Portale | I1: Aktueller Prozess | J1: Benötigte Dokumente | K1: Verantwortlicher | L1: Status | M1: Nächste Aktion | N1: Startdatum
A2: BEISPIEL | B2: B2C | C2: M. Muster | D2: Musterstrasse 8, 8006 Zürich | E2: 3.5-Zimmer-Wohnung | F2: 2180 | G2: 2026-11-01 | H2: Homegate, ImmoScout24 | I2: Exposé manuell erstellt (Wizard-of-Oz-Test statt echter Automatisierung) | J2: Betreibungsauszug, Lohnausweis, ID-Kopie, Referenzschreiben | K2: P. Moren | L2: läuft | M2: Screening der ersten Bewerbungen abschliessen | N2: 2026-10-01
